{"cameraMode":{"drawMode":0,"name":"Shaded","section":"Shading Mode"},"sceneLighting":true,"audioPlay":false,"sceneViewState":{"showFog":true,"showMaterialUpdate":false,"showSkybox":true,"showFlares":true,"showImageEffects":true,"showParticleSystems":true},"in2DMode":false,"pivot":{"x":-49.295654296875,"y":-13.668096542358399,"z":12.58476448059082},"rotation":{"x":-0.061270300298929217,"y":0.6542767882347107,"z":-0.053316470235586169,"w":-0.75188148021698},"size":294.1976623535156,"orthographic":false}