{"cameraMode":{"drawMode":0,"name":"Shaded","section":"Shading Mode"},"sceneLighting":false,"audioPlay":false,"sceneViewState":{"showFog":true,"showMaterialUpdate":false,"showSkybox":false,"showFlares":true,"showImageEffects":true,"showParticleSystems":true},"in2DMode":false,"pivot":{"x":-3.7430813312530519,"y":1.5603361129760743,"z":0.6500496864318848},"rotation":{"x":0.2760368585586548,"y":0.10498355329036713,"z":-0.030347393825650216,"w":0.9549161791801453},"size":0.8469685912132263,"orthographic":false}