{"cameraMode":{"drawMode":0,"name":"Shaded","section":"Shading Mode"},"sceneLighting":false,"audioPlay":false,"sceneViewState":{"showFog":true,"showMaterialUpdate":false,"showSkybox":false,"showFlares":true,"showImageEffects":true,"showParticleSystems":true},"in2DMode":false,"pivot":{"x":0.6880000233650208,"y":0.3709999918937683,"z":-2.01200008392334},"rotation":{"x":0.18407021462917329,"y":0.4426995515823364,"z":-0.0933852344751358,"w":0.8725940585136414},"size":0.14289434254169465,"orthographic":false}