{"cameraMode":{"drawMode":0,"name":"Shaded","section":"Shading Mode"},"sceneLighting":false,"audioPlay":false,"sceneViewState":{"showFog":true,"showMaterialUpdate":false,"showSkybox":false,"showFlares":true,"showImageEffects":true,"showParticleSystems":true},"in2DMode":false,"pivot":{"x":-0.17002442479133607,"y":0.25599992275238039,"z":-1.0996936559677125},"rotation":{"x":0.08303824067115784,"y":0.47292038798332217,"z":-0.044816840440034869,"w":0.8760542869567871},"size":0.5464341044425964,"orthographic":true}