{"cameraMode":{"drawMode":0,"name":"Shaded","section":"Shading Mode"},"sceneLighting":true,"audioPlay":false,"sceneViewState":{"showFog":true,"showMaterialUpdate":false,"showSkybox":true,"showFlares":true,"showImageEffects":true,"showParticleSystems":true},"in2DMode":false,"pivot":{"x":2.0,"y":0.44999998807907107,"z":-1.9999998807907105},"rotation":{"x":0.34036555886268618,"y":-0.5771970748901367,"z":0.28697794675827029,"w":0.6845794916152954},"size":9.379467964172364,"orthographic":false}