{"cameraMode":{"drawMode":0,"name":"Shaded","section":"Shading Mode"},"sceneLighting":false,"audioPlay":false,"sceneViewState":{"showFog":true,"showMaterialUpdate":false,"showSkybox":false,"showFlares":true,"showImageEffects":true,"showParticleSystems":true},"in2DMode":false,"pivot":{"x":0.2614615261554718,"y":-0.132568359375,"z":-0.06372817605733872},"rotation":{"x":0.2508064806461334,"y":-0.2769063413143158,"z":0.0751185417175293,"w":0.9245542883872986},"size":1.819675087928772,"orthographic":true}