{"cameraMode":{"drawMode":0,"name":"Shaded","section":"Shading Mode"},"sceneLighting":false,"audioPlay":false,"sceneViewState":{"showFog":true,"showMaterialUpdate":false,"showSkybox":false,"showFlares":true,"showImageEffects":true,"showParticleSystems":true},"in2DMode":false,"pivot":{"x":-0.5205078125,"y":0.293609619140625,"z":-0.4722900390625},"rotation":{"x":0.2521352767944336,"y":0.2602490186691284,"z":-0.0705801397562027,"w":0.9294291734695435},"size":1.3105723857879639,"orthographic":true}