{"cameraMode":{"drawMode":0,"name":"Shaded","section":"Shading Mode"},"sceneLighting":false,"audioPlay":false,"sceneViewState":{"showFog":true,"showMaterialUpdate":false,"showSkybox":false,"showFlares":true,"showImageEffects":true,"showParticleSystems":true},"in2DMode":false,"pivot":{"x":0.005615234375,"y":0.187469482421875,"z":-0.747802734375},"rotation":{"x":0.08849117159843445,"y":0.5832439064979553,"z":-0.06413691490888596,"w":0.8050035238265991},"size":1.4025907516479493,"orthographic":true}