{"cameraMode":{"drawMode":0,"name":"Shaded","section":"Shading Mode"},"sceneLighting":false,"audioPlay":false,"sceneViewState":{"showFog":true,"showMaterialUpdate":false,"showSkybox":false,"showFlares":true,"showImageEffects":true,"showParticleSystems":true},"in2DMode":false,"pivot":{"x":-0.44081243872642519,"y":0.24913278222084046,"z":-2.4505512714385988},"rotation":{"x":0.1147262454032898,"y":-0.6657986044883728,"z":0.10478983819484711,"w":0.7298948168754578},"size":1.7310495376586915,"orthographic":true}