{"cameraMode":{"drawMode":0,"name":"Shaded","section":"Shading Mode"},"sceneLighting":false,"audioPlay":false,"sceneViewState":{"showFog":true,"showMaterialUpdate":false,"showSkybox":false,"showFlares":true,"showImageEffects":true,"showParticleSystems":true},"in2DMode":false,"pivot":{"x":-0.0264892578125,"y":0.270751953125,"z":-0.786865234375},"rotation":{"x":-0.07397139817476273,"y":-0.25094595551490786,"z":0.019225336611270906,"w":-0.9650078415870667},"size":0.9534072279930115,"orthographic":true}