{"cameraMode":{"drawMode":0,"name":"Shaded","section":"Shading Mode"},"sceneLighting":false,"audioPlay":false,"sceneViewState":{"showFog":true,"showMaterialUpdate":false,"showSkybox":false,"showFlares":true,"showImageEffects":true,"showParticleSystems":true},"in2DMode":false,"pivot":{"x":-0.1971435546875,"y":-0.01934814453125,"z":0.075927734375},"rotation":{"x":0.15191501379013062,"y":0.19151122868061067,"z":-0.029702067375183107,"w":0.9693312048912048},"size":1.276558518409729,"orthographic":true}